Hand ID,Type
RC3334603619,Standard VPIP
RC3334602322,Standard VPIP
RC3334602022,Standard VPIP
RC3334601614,Standard VPIP
RC3334601319,Standard VPIP
RC3334600779,Standard VPIP
RC3334600370,Standard VPIP
RC3334599701,Standard VPIP
RC3334599433,Standard VPIP
RC3334599087,Standard VPIP
RC3334598706,Standard VPIP
RC3334598536,Standard VPIP
RC3334597796,Standard VPIP
RC3334597577,Standard VPIP
RC3334597128,Standard VPIP
RC3334596499,Standard VPIP
RC3334595962,Standard VPIP
RC3334595315,Standard VPIP
RC3334564738,Standard VPIP
RC3334564480,Standard VPIP
RC3334563614,Standard VPIP
RC3334563192,Standard VPIP
RC3334562664,Standard VPIP
RC3334562310,Standard VPIP
RC3334562222,Standard VPIP
RC3334561702,Standard VPIP
RC3334561250,Standard VPIP
RC3334560656,Standard VPIP
RC3334560205,Standard VPIP
RC3334559964,Standard VPIP
RC3334558215,Standard VPIP
RC3334556894,Standard VPIP
RC3334556328,Standard VPIP
RC3334555698,Standard VPIP
RC3334555416,Standard VPIP
RC3334555165,Standard VPIP
RC3334554947,Standard VPIP
RC3334484653,Standard VPIP
RC3334484464,Standard VPIP
RC3334484019,Standard VPIP
RC3334483753,Standard VPIP
RC3334482716,Standard VPIP
RC3334481951,Standard VPIP
RC3334481794,Standard VPIP
RC3334481464,Standard VPIP
RC3334481347,Standard VPIP
RC3334480548,Standard VPIP
RC3334479983,Standard VPIP
RC3334479620,Standard VPIP
RC3334478918,Standard VPIP
RC3334475355,Standard VPIP
RC3334475181,Standard VPIP
RC3334475047,Standard VPIP
RC3334444510,Standard VPIP
RC3334444328,Standard VPIP
RC3334443325,Standard VPIP
RC3334443173,Standard VPIP
RC3334442960,Standard VPIP
RC3334442732,Standard VPIP
RC3334442547,Standard VPIP
RC3334442434,Standard VPIP
RC3334441549,Standard VPIP
RC3334441081,Standard VPIP
RC3334440517,Standard VPIP
RC3334440156,Standard VPIP
RC3334439794,Standard VPIP
RC3334439415,Standard VPIP
RC3334438685,Standard VPIP
RC3334438157,Standard VPIP
RC3334438049,Standard VPIP
RC3334437770,Standard VPIP
RC3334437367,Standard VPIP
RC3334436945,Standard VPIP
RC3334436869,Standard VPIP
RC3334436634,Standard VPIP
RC3334436543,Standard VPIP
RC3334436187,Standard VPIP
RC3334436003,Standard VPIP
RC3334435740,Standard VPIP
RC3334435045,Standard VPIP
RC3334374735,Standard VPIP
RC3334374412,Standard VPIP
RC3334373991,Standard VPIP
RC3334373112,Standard VPIP
RC3334372917,Standard VPIP
RC3334372486,Standard VPIP
RC3334372347,Standard VPIP
RC3334372104,Standard VPIP
RC3334371899,Standard VPIP
RC3334371769,Standard VPIP
RC3334371235,Standard VPIP
RC3334370875,Standard VPIP
RC3334370558,Standard VPIP
RC3334370360,Standard VPIP
RC3334369947,Standard VPIP
RC3334369517,Standard VPIP
RC3334369223,Standard VPIP
RC3334368935,Standard VPIP
RC3334368356,Standard VPIP
RC3334368021,Standard VPIP
RC3334367537,Standard VPIP
RC3334367180,Standard VPIP
RC3334366824,Standard VPIP
RC3334366521,Standard VPIP
RC3334603734,Standard VPIP
RC3334603393,Standard VPIP
RC3334603122,Standard VPIP
RC3334602017,Standard VPIP
RC3334601812,Standard VPIP
RC3334601183,Standard VPIP
RC3334600458,Standard VPIP
RC3334600252,Standard VPIP
RC3334600055,Standard VPIP
RC3334599238,Standard VPIP
RC3334598963,Standard VPIP
RC3334598613,Standard VPIP
RC3334597295,Standard VPIP
RC3334596713,Standard VPIP
RC3334596279,Standard VPIP
RC3334596024,Standard VPIP
RC3334595454,Standard VPIP
RC3334595062,Standard VPIP
RC3334564548,Standard VPIP
RC3334564014,Standard VPIP
RC3334563661,Standard VPIP
RC3334563239,Standard VPIP
RC3334562968,Standard VPIP
RC3334562380,Standard VPIP
RC3334561798,Standard VPIP
RC3334561376,Standard VPIP
RC3334560828,Standard VPIP
RC3334560662,Standard VPIP
RC3334560475,Standard VPIP
RC3334560167,Standard VPIP
RC3334559867,Standard VPIP
RC3334559435,Standard VPIP
RC3334559116,Standard VPIP
RC3334558974,Standard VPIP
RC3334558621,Standard VPIP
RC3334558167,Standard VPIP
RC3334557404,Standard VPIP
RC3334557136,Standard VPIP
RC3334556819,Standard VPIP
RC3334556577,Standard VPIP
RC3334556245,Standard VPIP
RC3334555825,Standard VPIP
RC3334555480,Standard VPIP
RC3334555064,Standard VPIP
RC3334484700,Standard VPIP
RC3334484330,Standard VPIP
RC3334483846,Standard VPIP
RC3334483597,Standard VPIP
RC3334482316,Standard VPIP
RC3334481536,Standard VPIP
RC3334481255,Standard VPIP
RC3334481106,Standard VPIP
RC3334480951,Standard VPIP
RC3334480426,Standard VPIP
RC3334479986,Standard VPIP
RC3334479596,Standard VPIP
RC3334479417,Standard VPIP
RC3334479149,Standard VPIP
RC3334475069,Standard VPIP
RC3334474743,Standard VPIP
RC3334444488,Standard VPIP
RC3334443975,Standard VPIP
RC3334443669,Standard VPIP
RC3334443221,Standard VPIP
RC3334442965,Standard VPIP
RC3334442682,Standard VPIP
RC3334442307,Standard VPIP
RC3334441774,Standard VPIP
RC3334441482,Standard VPIP
RC3334440942,Standard VPIP
RC3334440530,Standard VPIP
RC3334440160,Standard VPIP
RC3334439931,Standard VPIP
RC3334439826,Standard VPIP
RC3334439233,Standard VPIP
RC3334438640,Standard VPIP
RC3334438355,Standard VPIP
RC3334437644,Standard VPIP
RC3334437375,Standard VPIP
RC3334437111,Standard VPIP
RC3334436438,Standard VPIP
RC3334436139,Standard VPIP
RC3334435465,Standard VPIP
RC3334435175,Standard VPIP
RC3334434834,Standard VPIP
RC3334374457,Standard VPIP
RC3334374286,Standard VPIP
RC3334374112,Standard VPIP
RC3334373840,Standard VPIP
RC3334373735,Standard VPIP
RC3334373391,Standard VPIP
RC3334372952,Standard VPIP
RC3334372678,Standard VPIP
RC3334372270,Standard VPIP
RC3334372111,Standard VPIP
RC3334371890,Standard VPIP
RC3334371504,Standard VPIP
RC3334371108,Standard VPIP
RC3334370801,Standard VPIP
RC3334370369,Standard VPIP
RC3334369949,Standard VPIP
RC3334369264,Standard VPIP
RC3334369034,Standard VPIP
RC3334368938,Standard VPIP
RC3334368868,Standard VPIP
RC3334368521,Standard VPIP
RC3334367350,Standard VPIP
RC3334367084,Standard VPIP
RC3334366982,Standard VPIP
RC3334366518,Standard VPIP
RC3334366355,Standard VPIP
RC3334603768,Standard VPIP
RC3334603389,Standard VPIP
RC3334603081,Standard VPIP
RC3334602827,Standard VPIP
RC3334602215,Standard VPIP
RC3334601956,Standard VPIP
RC3334601505,Standard VPIP
RC3334600404,Standard VPIP
RC3334600067,Standard VPIP
RC3334599867,Standard VPIP
RC3334599309,Standard VPIP
RC3334598572,Standard VPIP
RC3334598292,Standard VPIP
RC3334598150,Standard VPIP
RC3334597808,Standard VPIP
RC3334597348,Standard VPIP
RC3334596830,Standard VPIP
RC3334596448,Standard VPIP
RC3334596064,Standard VPIP
RC3334595988,Standard VPIP
RC3334595622,Standard VPIP
RC3334595010,Standard VPIP
RC3334564648,Standard VPIP
RC3334564378,Standard VPIP
RC3334563904,Standard VPIP
RC3334563512,Standard VPIP
RC3334562914,Standard VPIP
RC3334562540,Standard VPIP
RC3334562134,Standard VPIP
RC3334561818,Standard VPIP
RC3334561669,Standard VPIP
RC3334560802,Standard VPIP
RC3334560618,Standard VPIP
RC3334559976,Standard VPIP
RC3334559675,Standard VPIP
RC3334559406,Standard VPIP
RC3334559083,Standard VPIP
RC3334558825,Standard VPIP
RC3334558426,Standard VPIP
RC3334557999,Standard VPIP
RC3334557547,Standard VPIP
RC3334557412,Standard VPIP
RC3334557165,Standard VPIP
RC3334557102,Standard VPIP
RC3334556660,Standard VPIP
RC3334556373,Standard VPIP
RC3334555944,Standard VPIP
RC3334555516,Standard VPIP
RC3334555405,Standard VPIP
RC3334554968,Standard VPIP
RC3334484529,Standard VPIP
RC3334483959,Standard VPIP
RC3334483363,Standard VPIP
RC3334482801,Standard VPIP
RC3334482672,Standard VPIP
RC3334482364,Standard VPIP
RC3334481971,Standard VPIP
RC3334481607,Standard VPIP
RC3334481431,Standard VPIP
RC3334481366,Standard VPIP
RC3334481109,Standard VPIP
RC3334480737,Standard VPIP
RC3334480263,Standard VPIP
RC3334479961,Standard VPIP
RC3334479460,Standard VPIP
RC3334478944,Standard VPIP
RC3334475228,Standard VPIP
RC3334474878,Standard VPIP
RC3334444738,Standard VPIP
RC3334444408,Standard VPIP
RC3334444233,Standard VPIP
RC3334443398,Standard VPIP
RC3334443168,Standard VPIP
RC3334442821,Standard VPIP
RC3334442253,Standard VPIP
RC3334441955,Standard VPIP
RC3334441713,Standard VPIP
RC3334441552,Standard VPIP
RC3334441331,Standard VPIP
RC3334440985,Standard VPIP
RC3334440836,Standard VPIP
RC3334440619,Standard VPIP
RC3334440390,Standard VPIP
RC3334440310,Standard VPIP
RC3334439936,Standard VPIP
RC3334439701,Standard VPIP
RC3334439317,Standard VPIP
RC3334439174,Standard VPIP
RC3334438794,Standard VPIP
RC3334438572,Standard VPIP
RC3334438115,Standard VPIP
RC3334437835,Standard VPIP
RC3334437675,Standard VPIP
RC3334437358,Standard VPIP
RC3334437093,Standard VPIP
RC3334436712,Standard VPIP
RC3334436292,Standard VPIP
RC3334435788,Standard VPIP
RC3334435614,Standard VPIP
RC3334435278,Standard VPIP
RC3334434853,Standard VPIP
RC3334374192,Standard VPIP
RC3334373759,Standard VPIP
RC3334373580,Standard VPIP
RC3334373323,Standard VPIP
RC3334373067,Standard VPIP
RC3334372996,Standard VPIP
RC3334372711,Standard VPIP
RC3334371591,Standard VPIP
RC3334370535,Standard VPIP
RC3334370183,Standard VPIP
RC3334370068,Standard VPIP
RC3334369537,Standard VPIP
RC3334369137,Standard VPIP
RC3334368690,Standard VPIP
RC3334368608,Standard VPIP
RC3334368347,Standard VPIP
RC3334367961,Standard VPIP
RC3334367548,Standard VPIP
RC3334366948,Standard VPIP
RC3334366549,Standard VPIP
RC3334603769,Standard VPIP
RC3334603631,Standard VPIP
RC3334603145,Standard VPIP
RC3334602582,Standard VPIP
RC3334602029,Standard VPIP
RC3334601881,Standard VPIP
RC3334601585,Standard VPIP
RC3334601036,Standard VPIP
RC3334600922,Standard VPIP
RC3334600139,Standard VPIP
RC3334599610,Standard VPIP
RC3334598807,Standard VPIP
RC3334598329,Standard VPIP
RC3334597963,Standard VPIP
RC3334597544,Standard VPIP
RC3334597387,Standard VPIP
RC3334597025,Standard VPIP
RC3334596488,Standard VPIP
RC3334596239,Standard VPIP
RC3334595956,Standard VPIP
RC3334595635,Standard VPIP
RC3334595144,Standard VPIP
RC3334564611,Standard VPIP
RC3334563547,Standard VPIP
RC3334563090,Standard VPIP
RC3334562508,Standard VPIP
RC3334562083,Standard VPIP
RC3334561858,Standard VPIP
RC3334561408,Standard VPIP
RC3334560989,Standard VPIP
RC3334560756,Standard VPIP
RC3334560277,Standard VPIP
RC3334559851,Standard VPIP
RC3334559087,Standard VPIP
RC3334558372,Standard VPIP
RC3334557418,Standard VPIP
RC3334557201,Standard VPIP
RC3334556861,Standard VPIP
RC3334556413,Standard VPIP
RC3334555999,Standard VPIP
RC3334555818,Standard VPIP
RC3334484423,Standard VPIP
RC3334484097,Standard VPIP
RC3334483065,Standard VPIP
RC3334482132,Standard VPIP
RC3334481602,Standard VPIP
RC3334481422,Standard VPIP
RC3334481214,Standard VPIP
RC3334481069,Standard VPIP
RC3334480439,Standard VPIP
RC3334480333,Standard VPIP
RC3334479920,Standard VPIP
RC3334479476,Standard VPIP
RC3334479167,Standard VPIP
RC3334478949,Standard VPIP
RC3334475406,Standard VPIP
RC3334475254,Standard VPIP
RC3334444457,Standard VPIP
RC3334444232,Standard VPIP
RC3334443835,Standard VPIP
RC3334443572,Standard VPIP
RC3334443112,Standard VPIP
RC3334442665,Standard VPIP
RC3334442515,Standard VPIP
RC3334442218,Standard VPIP
RC3334442140,Standard VPIP
RC3334441903,Standard VPIP
RC3334441534,Standard VPIP
RC3334441326,Standard VPIP
RC3334441132,Standard VPIP
RC3334440868,Standard VPIP
RC3334440697,Standard VPIP
RC3334440547,Standard VPIP
RC3334440021,Standard VPIP
RC3334439882,Standard VPIP
RC3334439718,Standard VPIP
RC3334439608,Standard VPIP
RC3334439528,Standard VPIP
RC3334439130,Standard VPIP
RC3334438738,Standard VPIP
RC3334438184,Standard VPIP
RC3334437789,Standard VPIP
RC3334437413,Standard VPIP
RC3334436557,Standard VPIP
RC3334436152,Standard VPIP
RC3334436016,Standard VPIP
RC3334435534,Standard VPIP
RC3334435147,Standard VPIP
RC3334374564,Standard VPIP
RC3334374116,Standard VPIP
RC3334373855,Standard VPIP
RC3334373551,Standard VPIP
RC3334373405,Standard VPIP
RC3334373096,Standard VPIP
RC3334372613,Standard VPIP
RC3334372137,Standard VPIP
RC3334371901,Standard VPIP
RC3334371555,Standard VPIP
RC3334371120,Standard VPIP
RC3334370985,Standard VPIP
RC3334370616,Standard VPIP
RC3334370523,Standard VPIP
RC3334370357,Standard VPIP
RC3334369980,Standard VPIP
RC3334369572,Standard VPIP
RC3334369314,Standard VPIP
RC3334369111,Standard VPIP
RC3334368853,Standard VPIP
RC3334368497,Standard VPIP
RC3334368254,Standard VPIP
RC3334367971,Standard VPIP
RC3334367647,Standard VPIP
RC3334367348,Standard VPIP
RC3334367139,Standard VPIP
RC3334366967,Standard VPIP
RC3334366810,Standard VPIP
RC3334366485,Standard VPIP
RC3336607467,Standard VPIP
RC3336607403,Standard VPIP
RC3336606991,Standard VPIP
RC3336605305,Standard VPIP
RC3336605145,Standard VPIP
RC3336604809,Standard VPIP
RC3336554171,Standard VPIP
RC3336553800,Standard VPIP
RC3336553201,Standard VPIP
RC3336551996,Standard VPIP
RC3336551502,Standard VPIP
RC3336551017,Standard VPIP
RC3336550630,Standard VPIP
RC3336549403,Standard VPIP
RC3336548905,Standard VPIP
RC3336548280,Standard VPIP
RC3336548056,Standard VPIP
RC3336547867,Standard VPIP
RC3336547681,Standard VPIP
RC3336546287,Standard VPIP
RC3336546198,Standard VPIP
RC3336607825,Standard VPIP
RC3336607608,Standard VPIP
RC3336607410,Standard VPIP
RC3336607264,Standard VPIP
RC3336605488,Standard VPIP
RC3336604908,Standard VPIP
RC3336553962,Standard VPIP
RC3336553289,Standard VPIP
RC3336552906,Standard VPIP
RC3336551657,Standard VPIP
RC3336551327,Standard VPIP
RC3336550781,Standard VPIP
RC3336550305,Standard VPIP
RC3336549974,Standard VPIP
RC3336549778,Standard VPIP
RC3336549481,Standard VPIP
RC3336549404,Standard VPIP
RC3336549203,Standard VPIP
RC3336548456,Standard VPIP
RC3336548347,Standard VPIP
RC3336547974,Standard VPIP
RC3336547718,Standard VPIP
RC3336547406,Standard VPIP
RC3336547290,Standard VPIP
RC3336546622,Standard VPIP
RC3336546398,Standard VPIP
RC3336607687,Standard VPIP
RC3336605612,Standard VPIP
RC3336605016,Standard VPIP
RC3336554200,Standard VPIP
RC3336553954,Standard VPIP
RC3336553657,Standard VPIP
RC3336552969,Standard VPIP
RC3336552655,Standard VPIP
RC3336551759,Standard VPIP
RC3336550892,Standard VPIP
RC3336550473,Standard VPIP
RC3336550025,Standard VPIP
RC3336548985,Standard VPIP
RC3336548519,Standard VPIP
RC3336548023,Standard VPIP
RC3336547944,Standard VPIP
RC3336547155,Standard VPIP
RC3336546972,Standard VPIP
RC3336546486,Standard VPIP
RC3336607633,Standard VPIP
RC3336607267,Standard VPIP
RC3336607097,Standard VPIP
RC3336605293,Standard VPIP
RC3336554702,Standard VPIP
RC3336553367,Standard VPIP
RC3336552801,Standard VPIP
RC3336552212,Standard VPIP
RC3336551696,Standard VPIP
RC3336551408,Standard VPIP
RC3336550526,Standard VPIP
RC3336550291,Standard VPIP
RC3336550199,Standard VPIP
RC3336550068,Standard VPIP
RC3336549646,Standard VPIP
RC3336549204,Standard VPIP
RC3336549092,Standard VPIP
RC3336548729,Standard VPIP
RC3336548509,Standard VPIP
RC3336547864,Standard VPIP
RC3336547697,Standard VPIP
RC3336547544,Standard VPIP
RC3336547066,Standard VPIP
RC3336546207,Standard VPIP
RC3337581877,Standard VPIP
RC3337581417,Standard VPIP
RC3337580708,Standard VPIP
RC3337580073,Standard VPIP
RC3337579625,Standard VPIP
RC3337579311,Standard VPIP
RC3337578514,Standard VPIP
RC3337578302,Standard VPIP
RC3337577291,Standard VPIP
RC3337576848,Standard VPIP
RC3337576630,Standard VPIP
RC3337576038,Standard VPIP
RC3337575212,Standard VPIP
RC3337575047,Standard VPIP
RC3337524402,Standard VPIP
RC3337524144,Standard VPIP
RC3337523428,Standard VPIP
RC3337523112,Standard VPIP
RC3337522609,Standard VPIP
RC3337521702,Standard VPIP
RC3337521479,Standard VPIP
RC3337521003,Standard VPIP
RC3337520714,Standard VPIP
RC3337520083,Standard VPIP
RC3337519099,Standard VPIP
RC3337518879,Standard VPIP
RC3337518702,Standard VPIP
RC3337515705,Standard VPIP
RC3337515220,Standard VPIP
RC3337514962,Standard VPIP
RC3337474699,Standard VPIP
RC3337474387,Standard VPIP
RC3337473828,Standard VPIP
RC3337473507,Standard VPIP
RC3337473242,Standard VPIP
RC3337472238,Standard VPIP
RC3337471874,Standard VPIP
RC3337471587,Standard VPIP
RC3337471268,Standard VPIP
RC3337471008,Standard VPIP
RC3337470878,Standard VPIP
RC3337470610,Standard VPIP
RC3337469782,Standard VPIP
RC3337469663,Standard VPIP
RC3337469462,Standard VPIP
RC3337468604,Standard VPIP
RC3337467959,Standard VPIP
RC3337467457,Standard VPIP
RC3337466146,Standard VPIP
RC3337465735,Standard VPIP
RC3337465502,Standard VPIP
RC3337464831,Standard VPIP
RC3337414564,Standard VPIP
RC3337414456,Standard VPIP
RC3337414017,Standard VPIP
RC3337413552,Standard VPIP
RC3337412711,Standard VPIP
RC3337412217,Standard VPIP
RC3337411802,Standard VPIP
RC3337411478,Standard VPIP
RC3337411201,Standard VPIP
RC3337410233,Standard VPIP
RC3337410065,Standard VPIP
RC3337409541,Standard VPIP
RC3337408333,Standard VPIP
RC3337408198,Standard VPIP
RC3337407880,Standard VPIP
RC3337407612,Standard VPIP
RC3337407078,Standard VPIP
RC3337406801,Standard VPIP
RC3337406378,Standard VPIP
RC3337405858,Standard VPIP
RC3337405571,Standard VPIP
RC3337405135,Standard VPIP
RC3337405041,Standard VPIP
RC3337374382,Standard VPIP
RC3337373647,Standard VPIP
RC3337373093,Standard VPIP
RC3337372888,Standard VPIP
RC3337372058,Standard VPIP
RC3337371022,Standard VPIP
RC3337370655,Standard VPIP
RC3337370135,Standard VPIP
RC3337369344,Standard VPIP
RC3337368819,Standard VPIP
RC3337368448,Standard VPIP
RC3337368035,Standard VPIP
RC3337367840,Standard VPIP
RC3337322670,Standard VPIP
RC3337320950,Standard VPIP
RC3337320562,Standard VPIP
RC3337320253,Standard VPIP
RC3337319248,Standard VPIP
RC3337319148,Standard VPIP
RC3337318758,Standard VPIP
RC3337317836,Standard VPIP
RC3337317535,Standard VPIP
RC3337317192,Standard VPIP
RC3337316780,Standard VPIP
RC3337316400,Standard VPIP
RC3337315855,Standard VPIP
RC3337315638,Standard VPIP
RC3337315175,Standard VPIP
RC3337284634,Standard VPIP
RC3337283991,Standard VPIP
RC3337283839,Standard VPIP
RC3337283536,Standard VPIP
RC3337283065,Standard VPIP
RC3337282202,Standard VPIP
RC3337281420,Standard VPIP
RC3337280615,Standard VPIP
RC3337280262,Standard VPIP
RC3337279116,Standard VPIP
RC3337278714,Standard VPIP
RC3337277833,Standard VPIP
RC3337277573,Standard VPIP
RC3337277327,Standard VPIP
RC3337276767,Standard VPIP
RC3337276171,Standard VPIP
RC3337275777,Standard VPIP
RC3337275512,Standard VPIP
RC3337275016,Standard VPIP
RC3337224685,Standard VPIP
RC3337224384,Standard VPIP
RC3337223806,Standard VPIP
RC3337223289,Standard VPIP
RC3337222788,Standard VPIP
RC3337222198,Standard VPIP
RC3337222012,Standard VPIP
RC3337221703,Standard VPIP
RC3337221279,Standard VPIP
RC3337221205,Standard VPIP
RC3337220985,Standard VPIP
RC3337220518,Standard VPIP
RC3337219243,Standard VPIP
RC3337218586,Standard VPIP
RC3337218075,Standard VPIP
RC3337217810,Standard VPIP
RC3337217360,Standard VPIP
RC3337216983,Standard VPIP
RC3337183947,Standard VPIP
RC3337183588,Standard VPIP
RC3337183045,Standard VPIP
RC3337182784,Standard VPIP
RC3337182542,Standard VPIP
RC3337182471,Standard VPIP
RC3337182029,Standard VPIP
RC3337181282,Standard VPIP
RC3337180926,Standard VPIP
RC3337180649,Standard VPIP
RC3337180412,Standard VPIP
RC3337179660,Standard VPIP
RC3337179290,Standard VPIP
RC3337178318,Standard VPIP
RC3337177471,Standard VPIP
RC3337177074,Standard VPIP
RC3337176180,Standard VPIP
RC3337175978,Standard VPIP
RC3337175840,Standard VPIP
RC3337175469,Standard VPIP
RC3337175302,Standard VPIP
RC3337175017,Standard VPIP
RC3337124583,Standard VPIP
RC3337123572,Standard VPIP
RC3337122786,Standard VPIP
RC3337122418,Standard VPIP
RC3337122062,Standard VPIP
RC3337121718,Standard VPIP
RC3337121011,Standard VPIP
RC3337120605,Standard VPIP
RC3337120416,Standard VPIP
RC3337119992,Standard VPIP
RC3337581980,Standard VPIP
RC3337581548,Standard VPIP
RC3337580804,Standard VPIP
RC3337580594,Standard VPIP
RC3337579691,Standard VPIP
RC3337579555,Standard VPIP
RC3337579449,Standard VPIP
RC3337579334,Standard VPIP
RC3337578599,Standard VPIP
RC3337577980,Standard VPIP
RC3337576897,Standard VPIP
RC3337576545,Standard VPIP
RC3337576051,Standard VPIP
RC3337575417,Standard VPIP
RC3337575028,Standard VPIP
RC3337524316,Standard VPIP
RC3337523898,Standard VPIP
RC3337523778,Standard VPIP
RC3337523241,Standard VPIP
RC3337522914,Standard VPIP
RC3337522749,Standard VPIP
RC3337521674,Standard VPIP
RC3337521164,Standard VPIP
RC3337520808,Standard VPIP
RC3337519982,Standard VPIP
RC3337518712,Standard VPIP
RC3337515554,Standard VPIP
RC3337515101,Standard VPIP
RC3337474443,Standard VPIP
RC3337474227,Standard VPIP
RC3337474018,Standard VPIP
RC3337473804,Standard VPIP
RC3337473470,Standard VPIP
RC3337471879,Standard VPIP
RC3337471544,Standard VPIP
RC3337470818,Standard VPIP
RC3337470564,Standard VPIP
RC3337469291,Standard VPIP
RC3337468987,Standard VPIP
RC3337468598,Standard VPIP
RC3337468032,Standard VPIP
RC3337467524,Standard VPIP
RC3337466923,Standard VPIP
RC3337466390,Standard VPIP
RC3337465715,Standard VPIP
RC3337465467,Standard VPIP
RC3337465377,Standard VPIP
RC3337465139,Standard VPIP
RC3337414370,Standard VPIP
RC3337414218,Standard VPIP
RC3337413266,Standard VPIP
RC3337412798,Standard VPIP
RC3337412394,Standard VPIP
RC3337411004,Standard VPIP
RC3337410381,Standard VPIP
RC3337410022,Standard VPIP
RC3337409218,Standard VPIP
RC3337408890,Standard VPIP
RC3337408008,Standard VPIP
RC3337407736,Standard VPIP
RC3337407481,Standard VPIP
RC3337407231,Standard VPIP
RC3337406762,Standard VPIP
RC3337405616,Standard VPIP
RC3337405356,Standard VPIP
RC3337374263,Standard VPIP
RC3337374186,Standard VPIP
RC3337372986,Standard VPIP
RC3337372639,Standard VPIP
RC3337371811,Standard VPIP
RC3337371559,Standard VPIP
RC3337371399,Standard VPIP
RC3337371131,Standard VPIP
RC3337370670,Standard VPIP
RC3337370262,Standard VPIP
RC3337369689,Standard VPIP
RC3337369054,Standard VPIP
RC3337368532,Standard VPIP
RC3337367980,Standard VPIP
RC3337367631,Standard VPIP
RC3337322712,Standard VPIP
RC3337322120,Standard VPIP
RC3337321607,Standard VPIP
RC3337321518,Standard VPIP
RC3337321132,Standard VPIP
RC3337320780,Standard VPIP
RC3337320021,Standard VPIP
RC3337319691,Standard VPIP
RC3337319171,Standard VPIP
RC3337318656,Standard VPIP
RC3337317998,Standard VPIP
RC3337317550,Standard VPIP
RC3337317462,Standard VPIP
RC3337316641,Standard VPIP
RC3337315587,Standard VPIP
RC3337315260,Standard VPIP
RC3337314790,Standard VPIP
RC3337284099,Standard VPIP
RC3337283817,Standard VPIP
RC3337283502,Standard VPIP
RC3337283115,Standard VPIP
RC3337282285,Standard VPIP
RC3337281767,Standard VPIP
RC3337281043,Standard VPIP
RC3337280821,Standard VPIP
RC3337279984,Standard VPIP
RC3337279778,Standard VPIP
RC3337279581,Standard VPIP
RC3337279245,Standard VPIP
RC3337278676,Standard VPIP
RC3337278333,Standard VPIP
RC3337278096,Standard VPIP
RC3337277673,Standard VPIP
RC3337277155,Standard VPIP
RC3337276893,Standard VPIP
RC3337276663,Standard VPIP
RC3337276048,Standard VPIP
RC3337275152,Standard VPIP
RC3337224699,Standard VPIP
RC3337224423,Standard VPIP
RC3337223880,Standard VPIP
RC3337223500,Standard VPIP
RC3337223232,Standard VPIP
RC3337222972,Standard VPIP
RC3337222466,Standard VPIP
RC3337222114,Standard VPIP
RC3337221691,Standard VPIP
RC3337221329,Standard VPIP
RC3337220792,Standard VPIP
RC3337220673,Standard VPIP
RC3337220247,Standard VPIP
RC3337219670,Standard VPIP
RC3337219386,Standard VPIP
RC3337218532,Standard VPIP
RC3337217925,Standard VPIP
RC3337217246,Standard VPIP
RC3337184120,Standard VPIP
RC3337183617,Standard VPIP
RC3337182645,Standard VPIP
RC3337182339,Standard VPIP
RC3337181857,Standard VPIP
RC3337181185,Standard VPIP
RC3337180854,Standard VPIP
RC3337180022,Standard VPIP
RC3337179753,Standard VPIP
RC3337178774,Standard VPIP
RC3337178525,Standard VPIP
RC3337178184,Standard VPIP
RC3337177984,Standard VPIP
RC3337177748,Standard VPIP
RC3337177363,Standard VPIP
RC3337176744,Standard VPIP
RC3337176173,Standard VPIP
RC3337176032,Standard VPIP
RC3337175836,Standard VPIP
RC3337175417,Standard VPIP
RC3337174990,Standard VPIP
RC3337124645,Standard VPIP
RC3337124369,Standard VPIP
RC3337123977,Standard VPIP
RC3337123892,Standard VPIP
RC3337123507,Standard VPIP
RC3337123176,Standard VPIP
RC3337122888,Standard VPIP
RC3337122746,Standard VPIP
RC3337122465,Standard VPIP
RC3337122016,Standard VPIP
RC3337121824,Standard VPIP
RC3337121615,Standard VPIP
RC3337121425,Standard VPIP
RC3337121219,Standard VPIP
RC3337120972,Standard VPIP
RC3337120600,Standard VPIP
RC3337120321,Standard VPIP
RC3337120138,Standard VPIP
RC3337119917,Standard VPIP
RC3337119724,Standard VPIP
RC3337580402,Standard VPIP
RC3337580188,Standard VPIP
RC3337580003,Standard VPIP
RC3337579728,Standard VPIP
RC3337579144,Standard VPIP
RC3337578525,Standard VPIP
RC3337578184,Standard VPIP
RC3337577819,Standard VPIP
RC3334479273,BB Check
RC3334564486,BB Check
RC3334482693,BB Check
RC3334439593,BB Check
RC3334439082,BB Check
RC3334368486,BB Check
RC3334481581,BB Check
RC3334438741,BB Check
RC3334555312,BB Check
RC3334374257,BB Check
RC3336605523,BB Check
RC3336553649,BB Check
RC3336550210,BB Check
RC3336554144,BB Check
RC3336551981,BB Check
RC3337279693,BB Check
RC3337217333,BB Check
RC3337409428,BB Check
RC3337406283,BB Check
RC3337320245,BB Check
RC3337316170,BB Check
